Title,Actors,Country,Director,Genre,Language,Production,Rated,Released,Runtime_mins,Type,Writer,Year,imdbRating,imdbVotes,Wins,Nominated
"Arab Cortege, Geneva",Unknown,France,Unknown,"Documentary, Short",Unknown,Unknown,NOT RATED,29 Jun 1898,1.0,movie,Unknown,1896,4.9,226,0,0
Stavitel chrámu,"Jakub Seifert, Rudolf Deyl, Karel Kolár, Eva Vrchlická",Unknown,"Karl Degl, Antonín Novotný",Drama,Unknown,Unknown,NOT RATED,05 Mar 1920,0.0,movie,"Vladimír Srámek, Jan Emil Koula",1920,5.9,8,0,0
The Love Light,"Mary Pickford, Evelyn Dumo, Raymond Bloomer, Fred Thomson",USA,Frances Marion,Drama,English,United Artists,NOT RATED,09 Jan 1921,89.0,movie,Frances Marion,1921,6.7,264,0,0
The Red Kimona,"Priscilla Bonner, Nellie Bly Baker, Carl Miller, Mary Carr",USA,"Walter Lang, Dorothy Davenport","Drama, Romance",English,Vital Exchanges,NOT RATED,16 Nov 1925,77.0,movie,"Adela Rogers St. Johns (by), Dorothy Arzner (adaptation), Malcolm Stuart Boylan (titles)",1925,6.4,188,0,0
Thunderbolt,"George Bancroft, Fay Wray, Richard Arlen, Tully Marshall",USA,Josef von Sternberg,"Crime, Drama, Film-Noir",English,Famous Players,NOT RATED,20 Jun 1929,85.0,movie,"Charles Furthman (story), Jules Furthman (story), Herman J. Mankiewicz, Joseph L. Mankiewicz (titles), Josef von Sternberg",1929,6.8,364,0,0
Consolation Marriage,"Irene Dunne, Pat O'Brien, John Halliday, Myrna Loy",USA,Paul Sloane,Drama,English,RKO Pictures,PASSED,21 Nov 1931,81.0,movie,"Bill Cunningham (by), Humphrey Pearson (screenplay), Humphrey Pearson (dialogue)",1931,6.1,307,0,0
Young Bride,"Helen Twelvetrees, Eric Linden, Arline Judge, Roscoe Ates",USA,William A. Seiter,Drama,"English, Cantonese",Unknown,PASSED,08 Apr 1932,76.0,movie,"Hugh Stanislaus Stange (play), Garrett Fort (screenplay), Ralph Murphy (additional dialogue), Jane Murfin (additional dialogue)",1932,6.4,152,0,0
The Phantom of Crestwood,"Ricardo Cortez, Karen Morley, Anita Louise, Pauline Frederick",USA,J. Walter Ruben,"Crime, Mystery",English,Unknown,PASSED,14 Oct 1932,76.0,movie,"Bartlett Cormack (screen play), Bartlett Cormack (from a story by), J. Walter Ruben (from a story by)",1932,6.7,389,0,0
A Song of Lisbon,"Vasco Santana, Beatriz Costa, António Silva, Teresa Gomes",Portugal,José Cottinelli Telmo,"Comedy, Musical",Portuguese,Unknown,NOT RATED,07 Nov 1933,85.0,movie,José Cottinelli Telmo,1933,7.8,887,0,0
Nana,"Anna Sten, Lionel Atwill, Richard Bennett, Mae Clarke",USA,"Dorothy Arzner, George Fitzmaurice",Drama,English,MGM,NOT RATED,Unknown,90.0,movie,"Harry Wagstaff Gribble, Willard Mack, Émile Zola (novel)",1934,6.1,174,0,0
Vanessa: Her Love Story,"Robert Montgomery, Helen Hayes, May Robson, Otto Kruger",USA,William K. Howard,Drama,English,Unknown,APPROVED,01 Mar 1935,74.0,movie,"Lenore J. Coffee (adaptation), Lenore J. Coffee (screenplay), Hugh Walpole (novel), Hugh Walpole (screenplay)",1935,6.4,61,0,0
To New Shores,"Zarah Leander, Willy Birgel, Edwin Jürgensen, Carola Höhn",Germany,Douglas Sirk,Drama,German,Unknown,NOT RATED,28 Jan 1938,106.0,movie,"Lovis Hans Lorenz (novel), Kurt Heuser, Douglas Sirk",1937,6.9,266,0,1
Trade Winds,"Fredric March, Joan Bennett, Ralph Bellamy, Ann Sothern",USA,Tay Garnett,Drama,English,United Artists,NOT RATED,28 Dec 1938,93.0,movie,"Tay Garnett (story), Dorothy Parker (screenplay), Alan Campbell (screenplay), Frank R. Adams (screenplay)",1938,6.4,398,0,0
The Tyrannical Father,"Vasco Santana, Francisco Ribeiro, Leonor Maia, Barroso Lopes",Portugal,António Lopes Ribeiro,Comedy,Portuguese,Unknown,NOT RATED,19 Sep 1941,114.0,movie,"António Lopes Ribeiro (dialogue), António Lopes Ribeiro (screenplay), Francisco Ribeiro (dialogue), Vasco Santana (dialogue)",1941,7.9,493,0,0
The Courtyard of the Ballads,"Maria das Neves, Vasco Santana, António Silva, Laura Alves",Portugal,Francisco Ribeiro,"Comedy, Musical",Portuguese,Unknown,NOT RATED,23 Jan 1942,121.0,movie,"António Lopes Ribeiro (screenplay), Francisco Ribeiro (screenplay), Vasco Santana (screenplay), António Lopes Ribeiro (dialogue), Vasco Santana (dialogue), Francisco Ribeiro (dialogue)",1942,7.8,930,0,0
A Date with the Falcon,"George Sanders, Wendy Barrie, James Gleason, Allen Jenkins",USA,Irving Reis,"Crime, Drama, Mystery",English,Unknown,APPROVED,16 Jan 1942,63.0,movie,"Lynn Root (screen play), Frank Fenton (screen play), Michael Arlen (based upon the character created by)",1942,6.5,576,0,0
Reunion in France,"Joan Crawford, John Wayne, Philip Dorn, Reginald Owen",USA,Jules Dassin,"Drama, Romance, War","English, German, French",MGM,PASSED,25 Dec 1942,104.0,movie,"Jan Lustig (screenplay), Marvin Borowsky (screenplay), Marc Connelly (screenplay), Leslie Bush-Fekete (story)",1942,6.1,1140,0,0
"Davy Crockett, Indian Scout","George Montgomery, Ellen Drew, Phillip Reed, Noah Beery Jr.",USA,Lew Landers,"Adventure, Western",English,United Artists,APPROVED,06 Jan 1950,71.0,movie,"Ford Beebe (story), Richard Schayer",1950,5.6,170,0,0
Stolen Identity,"Donald Buka, Joan Camden, Francis Lederer, Adrienne Gessner","Austria, USA",Gunther von Fritsch,"Drama, Film-Noir",English,Trans-Global,APPROVED,15 Sep 1958,81.0,movie,"Robert Hill (screen play), Alexander Lernet-Holenia (novel)",1953,6.3,129,0,0
O Costa d'África,"Vasco Santana, Laura Alves, Costinha, Erico Braga",Portugal,João Mendes,Comedy,Portuguese,Unknown,NOT RATED,19 Feb 1954,90.0,movie,"Joaquín Dicenta (novel), Antonio Paso (novel), Francisco Ribeiro, Henrique Santana (dialogue), Henrique Santana (screenplay), Vasco Santana (dialogue), Vasco Santana (screenplay)",1954,7.6,63,0,0
Beautiful Days,"Keiji Sada, Yoshiko Kuga, Isao Kimura, Toshiko Kobayashi",Japan,Masaki Kobayashi,Unknown,Japanese,Unknown,NOT RATED,25 May 1955,120.0,movie,Zenzô Matsuyama,1955,7.1,55,0,0
Sissi,"Romy Schneider, Karlheinz Böhm, Magda Schneider, Uta Franz",Austria,Ernst Marischka,"Comedy, Drama, History",German,Erma-Film,NOT RATED,22 Dec 1955,102.0,movie,Ernst Marischka,1955,7.1,6338,0,1
Sissi: The Fateful Years of an Empress,"Romy Schneider, Karlheinz Böhm, Magda Schneider, Gustav Knuth",Austria,Ernst Marischka,"Drama, History, Romance","German, Greek, Hungarian, Italian, Portuguese",Erma-Film,NOT RATED,Unknown,109.0,movie,Ernst Marischka,1957,6.6,3995,0,2
Du côté de la côte,"Roger Coggio, Anne Olivier, Jacopo Nizi",France,Agnès Varda,"Documentary, Short, History",French,Unknown,NOT RATED,27 Oct 2001,25.0,movie,"Agnès Varda (commentary), Agnès Varda (screenplay)",1958,7.2,317,0,0
The Warrior Empress,"Tina Louise, Kerwin Mathews, Riccardo Garrone, Antonio Battistella","Italy, France",Pietro Francisci,"Adventure, Drama, Romance",Italian,Unknown,NOT RATED,24 Aug 1960,89.0,movie,"Ennio De Concini (screenplay), Pietro Francisci (screenplay), Luciano Martino (screenplay), Pietro Francisci (story), Paddy Manning O'Brine (dubbing dialogue)",1960,5.5,94,0,0
The Seven Deadly Sins,"Danièle Barraud, Jean-Pierre Cassel, Jacques Charrier, Claude Rich","Italy, France","Philippe de Broca, Claude Chabrol, Jacques Demy, Sylvain Dhomme, Jean-Luc Godard, Édouard Molinaro, Roger Vadim, Max Douy(co-director)",Comedy,French,Unknown,NOT RATED,07 Mar 1962,113.0,movie,"Daniel Boulanger (dialogue), Daniel Boulanger (screenplay), Daniel Boulanger (segment), Claude Chabrol (segment), Jacques Demy (segment), Jean-Luc Godard (segment), Eugène Ionesco (segment), Félicien Marceau (dialogue), Félicien Marceau (screenplay), Félicien Marceau (segment), Claude Mauriac (segment), Roger Peyrefitte (idea), Roger Vadim (segment)",1962,6.5,351,0,0
Island of Love,"Robert Preston, Tony Randall, Giorgia Moll, Walter Matthau",USA,Morton DaCosta,Comedy,"English, Greek",Warner Bros.,APPROVED,25 Oct 1963,101.0,movie,"David R. Schwartz (screenplay), Leo Katcher (story)",1963,5.2,153,0,0
Le Bonheur,"Jean-Claude Drouot, Claire Drouot, Olivier Drouot, Sandrine Drouot",France,Agnès Varda,"Drama, Romance",French,Criterion Collection,NOT RATED,16 May 1997,79.0,movie,Agnès Varda,1965,7.7,2666,3,1
Man from Nowhere,"Giuliano Gemma, Fernando Sancho, Corinne Marchand, Nello Pazzafini","Italy, France",Michele Lupo,Western,"Italian, Spanish, French",Unknown,M,Unknown,104.0,movie,"Lewis E. Ciannelli (English language version), Ernesto Gastaldi, Luciano Martino",1966,6.3,350,0,0
Two or Three Things I Know About Her...,"Marina Vlady, Anny Duperey, Roger Montsoret, Raoul Lévy",France,Jean-Luc Godard,"Comedy, Drama","French, Italian",Criterion Collection,NOT RATED,17 Mar 1967,87.0,movie,"Catherine Vimenet (letter), Jean-Luc Godard",1967,7.0,5301,0,0
Cemetery Without Crosses,"Michèle Mercier, Robert Hossein, Guido Lollobrigida, Daniele Vargas","France, Italy",Robert Hossein,Western,"French, Italian, Spanish",Unknown,NOT RATED,25 Jan 1969,90.0,movie,"Robert Hossein (scenario), Claude Desailly (scenario), Dario Argento (scenario), Robert Hossein (adaptation), Claude Desailly (adaptation), Dario Argento (adaptation), Robert Hossein (dialogue), Claude Desailly (dialogue), Dario Argento (dialogue)",1969,6.9,1161,0,1
A Gentle Woman,"Dominique Sanda, Guy Frangin, Jeanne Lobre, Claude Ollier",France,Robert Bresson,"Drama, Romance",French,Acacia Films,NOT RATED,27 May 1971,88.0,movie,Fyodor Dostoevsky (from the short story by),1969,7.7,1724,1,0
The Rite,"Ingrid Thulin, Anders Ek, Gunnar Björnstrand, Erik Hell",Sweden,Ingmar Bergman,Drama,Swedish,Unknown,NOT RATED,18 Sep 1969,72.0,movie,Ingmar Bergman,1969,7.3,1577,0,0
Mera Naam Joker,"Manoj Kumar, Simi Garewal, Achala Sachdev, Rishi Kapoor",India,Raj Kapoor,"Comedy, Drama","Hindi, Russian, English",Yash Raj Films,NOT RATED,18 Dec 1970,224.0,movie,"Khwaja Ahmad Abbas (dialogue), Khwaja Ahmad Abbas (screenplay), Khwaja Ahmad Abbas (story)",1970,8.0,3754,5,0
Haathi Mere Saathi,"Rajesh Khanna, Tanuja, David Abraham, Sujit Kumar",India,M.A. Thirumugham,"Drama, Family, Musical",Hindi,Unknown,NOT RATED,01 May 1971,170.0,movie,"Javed Akhtar (screenplay), Inder Raj Anand (dialogue), Sandow M.M.A. Chinnappa Devar (story), Salim Khan (screenplay)",1971,7.0,828,0,0
Delirio caldo,"Mickey Hargitay, Rita Calderoni, Raul Lovecchio, Carmen Young",Italy,Renato Polselli,"Mystery, Thriller",Italian,Unknown,NOT RATED,05 Jul 1972,102.0,movie,Renato Polselli,1972,5.7,791,0,0
The Legend of Paul and Paula,"Angelica Domröse, Winfried Glatzeder, Heidemarie Wenzel, Fred Delmare",East Germany,Heiner Carow,"Drama, Romance",German,Deutsche Film (DEFA),NOT RATED,14 Mar 1973,105.0,movie,"Heiner Carow, Anne Pfeuffer (dramatisation), Ulrich Plenzdorf (scenario)",1973,7.1,869,0,0
Benaam,"Amitabh Bachchan, Moushumi Chatterjee, Satyendra Kapoor, Madan Puri",India,Narendra Bedi,"Drama, Mystery, Thriller",Hindi,Saavn,NOT RATED,18 Oct 1974,117.0,movie,"Narendra Bedi (screenplay), Jayant Dharmadhikari (screenplay), Kader Khan (dialogue)",1974,6.9,194,0,0
Sheila Levine Is Dead and Living in New York,"Jeannie Berlin, Roy Scheider, Rebecca Dianna Smith, Janet Brandt",USA,Sidney J. Furie,Comedy,English,Paramount Pictures,PG,01 Dec 1975,113.0,movie,"Gail Parent (novel), Kenny Solms",1975,6.4,184,0,0
"You're a Good Sport, Charlie Brown","Duncan Watson, Melanie Kohn, Stuart Brotman, Jimmy Ahrens",USA,Phil Roman,"Animation, Comedy, Family",English,Warner Home Video,NOT RATED,28 Oct 1975,24.0,movie,"Charles M. Schulz, Charles M. Schulz (creator)",1975,7.4,337,0,0
Death Machines,"Ronald L. Marchini, Michael Chong, Joshua Johnson, Mari Honjo",USA,Paul Kyriazi,"Action, Thriller",English,Crown International Pictures,R,01 Jun 1976,93.0,movie,"Joe Walders (screenplay), Paul Kyriazi (screenplay), Joe Walders (original story)",1976,3.6,378,0,0
Laserblast,"Kim Milford, Cheryl Smith, Gianni Russo, Ron Masak",USA,Michael Rae,"Horror, Sci-Fi",English,Irwin Yablans Company,PG,01 Mar 1978,85.0,movie,"Franne Schacht, Frank Ray Perilli",1978,2.5,4867,0,1
The Dark,"William Devane, Cathy Lee Crosby, Richard Jaeckel, Keenan Wynn",USA,"John 'Bud' Cardos, Tobe Hooper","Horror, Sci-Fi, Thriller",English,Dick Clark Productions,R,27 Apr 1979,92.0,movie,Stanford Whitmore,1979,4.2,918,0,1
Schneeweißchen und Rosenrot,"Julie Juristová, Katrin Martin, Pavel Trávnícek, Bodo Wolf",East Germany,Siegfried Hartmann,"Family, Fantasy",German,Unknown,NOT RATED,06 Jul 1979,70.0,movie,"Margot Beichler (scenario), Jacob Grimm (story), Wilhelm Grimm (story), Siegfried Hartmann",1979,6.7,265,0,0
Sparsh,"Shabana Azmi, Naseeruddin Shah, Sudha Chopra, Mohan Gokhale",India,Sai Paranjape,"Drama, Romance",Hindi,Unknown,NOT RATED,30 Jan 1980,145.0,movie,Sai Paranjape,1980,8.2,472,4,0
Star Trek II: The Wrath of Khan,"William Shatner, Leonard Nimoy, DeForest Kelley, James Doohan",USA,Nicholas Meyer,"Action, Adventure, Sci-Fi",English,Paramount Pictures,PG,04 Jun 1982,113.0,movie,"Gene Roddenberry (television series Star Trek), Harve Bennett (story), Jack B. Sowards (story), Jack B. Sowards (screenplay)",1982,7.7,99697,3,9
Nightbeast,"Tom Griffith, Jamie Zemarel, Karin Kardian, George Stover",USA,Don Dohler,"Horror, Sci-Fi",English,Cinema Enterprises,R,01 Nov 1982,80.0,movie,Don Dohler,1982,3.7,781,0,0
The Moon in the Gutter,"Gérard Depardieu, Nastassja Kinski, Victoria Abril, Bertice Reading","France, Italy",Jean-Jacques Beineix,Drama,French,Cinema Libre Studio,R,18 May 1983,137.0,movie,"Jean-Jacques Beineix (scenario), Olivier Mergault (scenario), David Goodis (novel)",1983,6.0,1027,1,4
Rang Birangi,"Amol Palekar, Parveen Babi, Farooq Shaikh, Deepti Naval",India,Hrishikesh Mukherjee,Comedy,Hindi,Unknown,NOT RATED,23 Apr 1983,180.0,movie,"Kamleshwar (story), Hrishikesh Mukherjee (screenplay), Ashok Rawat (dialogue)",1983,7.3,344,0,0
Hero,"Sanjeev Kumar, Shammi Kapoor, Jackie Shroff, Meenakshi Sheshadri",India,Subhash Ghai,"Action, Drama, Romance",Hindi,Unknown,NOT RATED,Unknown,173.0,movie,"Mukta Ghai (story), Subhash Ghai, Ram Kelkar (screenplay)",1983,6.7,627,0,0
Masoom,"Naseeruddin Shah, Shabana Azmi, Tanuja, Jugal Hansraj",India,Shekhar Kapur,"Drama, Family, Musical",Hindi,Unknown,NOT RATED,Unknown,165.0,movie,Gulzar (screenplay and dialogue),1983,8.5,2880,5,0
Star Trek III: The Search for Spock,"William Shatner, Leonard Nimoy, DeForest Kelley, James Doohan",USA,Leonard Nimoy,"Action, Adventure, Sci-Fi","English, Klingon, Russian, French",Paramount Pictures,PG,01 Jun 1984,105.0,movie,"Gene Roddenberry (television series Star Trek), Harve Bennett",1984,6.7,64491,1,7
Blastfighter,"Michael Sopkiw, Valentina Forte, George Eastman, Stefano Mingardo","Italy, France",Lamberto Bava,"Action, Crime, Drama","English, Italian, French",Unknown,NOT RATED,15 Nov 1985,87.0,movie,"Luca De Rita, Massimo De Rita, Morando Morandini Jr. (story), Dardano Sacchetti (story)",1984,5.8,735,0,0
Spookies,"Felix Ward, Maria Pechukas, Dan Scott, Alec Nemser","USA, Netherlands","Genie Joseph, Thomas Doran, Brendan Faulkner","Comedy, Horror",English,Twisted Souls,R,01 Jan 1988,85.0,movie,"Ann Burgund (additional material), Thomas Doran (screenplay), Frank M. Farel (screenplay: Twisted Souls footage), Brendan Faulkner (screenplay: Twisted Souls footage)",1986,5.1,1453,0,0
Karma,"Dilip Kumar, Nutan, Naseeruddin Shah, Jackie Shroff",India,Subhash Ghai,"Action, Adventure, Comedy",Hindi,Unknown,NOT RATED,08 Aug 1986,193.0,movie,"Sachin Bhowmick (screenplay), Subhash Ghai, Kader Khan (dialogue)",1986,7.4,1406,0,0
Mr. India,"Anil Kapoor, Sridevi, Amrish Puri, Satish Kaushik",India,Shekhar Kapur,"Action, Adventure, Family",Hindi,Unknown,NOT RATED,25 May 1987,179.0,movie,"Javed Akhtar, Salim Khan",1987,7.8,10135,1,0
Tezaab,"Anil Kapoor, Madhuri Dixit, Anupam Kher, Chunky Pandey",India,N. Chandra,"Action, Drama, Musical",Hindi,Ultra,NOT RATED,11 Nov 1988,173.0,movie,"N. Chandra, Kamlesh Pandey",1988,7.0,1421,4,1
Maine Pyar Kiya,"Salman Khan, Bhagyashree, Alok Nath, Rajeev Verma",India,Sooraj R. Barjatya,"Drama, Family, Musical",Hindi,Rajshri Media,NOT RATED,29 Dec 1989,192.0,movie,"S.M. Ahale (story), Sooraj R. Barjatya (dialogue), Sooraj R. Barjatya (screenplay)",1989,7.4,8432,4,2
Star Trek V: The Final Frontier,"William Shatner, Leonard Nimoy, DeForest Kelley, James Doohan",USA,William Shatner,"Action, Adventure, Fantasy","English, Klingon",Paramount Pictures,PG,09 Jun 1989,107.0,movie,"Gene Roddenberry (creator: based on ""Star Trek""), William Shatner (story), Harve Bennett (story), David Loughery (story), David Loughery (screenplay)",1989,5.4,48544,4,3
The Willies,"Sean Astin, Jason Horst, Joshua Miller, James Karen",USA,Brian Peck,"Horror, Comedy",English,Prism Entertainment,PG-13,27 Dec 1990,92.0,movie,Brian Peck (screenplay),1990,4.8,1147,0,0
Saajan,"Sanjay Dutt, Madhuri Dixit, Salman Khan, Ekta Sohini",India,Lawrence D'Souza,"Drama, Musical, Romance",Hindi,Unknown,NOT RATED,30 Aug 1991,181.0,movie,"Reema Rakesh Nath (dialogue), Reema Rakesh Nath (screenplay), Reema Rakesh Nath (story)",1991,7.3,4788,2,2
Phool Aur Kaante,"Ajay Devgn, Madhoo, Arif Khan, Jagdeep",India,Sandesh Kohli,"Thriller, Action, Crime",Hindi,Sonu Films International,NOT RATED,22 Nov 1991,173.0,movie,Iqbal Durrani,1991,5.8,948,1,0
100 Days,"Jackie Shroff, Madhuri Dixit, Javed Jaffrey, Laxmikant Berde",India,Partho Ghosh,"Horror, Romance, Thriller",Hindi,Unknown,NOT RATED,Unknown,161.0,movie,"Bhushan Banmali (dialogue), Devjyoti Roy (screenplay)",1991,6.6,702,0,0
Bitter Moon,"Peter Coyote, Emmanuelle Seigner, Hugh Grant, Kristin Scott Thomas","France, UK, USA",Roman Polanski,"Drama, Romance, Thriller","English, French",Lionsgate,R,18 Mar 1994,139.0,movie,"Pascal Bruckner (novel), Roman Polanski (screenplay), Gérard Brach (screenplay), John Brownjohn (screenplay), Jeff Gross (script collaboration)",1992,7.2,28820,1,1
Savage Nights,"Cyril Collard, Romane Bohringer, Carlos López, Corine Blue","France, Italy",Cyril Collard,"Biography, Drama","French, Spanish",CNC,NOT RATED,25 Feb 1994,126.0,movie,"Cyril Collard, Jacques Fieschi (adaptation)",1992,7.1,1924,7,4
Boomerang,"Eddie Murphy, Robin Givens, Halle Berry, David Alan Grier",USA,Reginald Hudlin,"Comedy, Drama, Romance","English, French",Paramount Pictures,R,01 Jul 1992,117.0,movie,"Eddie Murphy (story), Barry W. Blaustein (screenplay), David Sheffield (screenplay)",1992,5.4,22110,1,4
Jo Jeeta Wohi Sikandar,"Aamir Khan, Ayesha Jhulka, Deepak Tijori, Pooja Bedi",India,Mansoor Khan,"Comedy, Drama, Romance",Hindi,Unknown,PG,22 May 1992,174.0,movie,"Nasir Hussain (dialogue), Mansoor Khan (screenplay), Mansoor Khan (story)",1992,8.2,17276,1,1
Heart,"Ajay Devgn, Karisma Kapoor, Ajit, Arjun",India,Farogh Siddique,"Action, Drama, Romance",Hindi,Unknown,NOT RATED,23 Oct 1992,161.0,movie,"Veeru Devgan (idea), Tanveer Khan (dialogue), Lalit Mahajan, Naeem-Ejaz (dialogue), Farogh Siddique",1992,4.7,622,0,0
Killing Zoe,"Eric Stoltz, Martin Raymond, Eric Pascal Chaltiel, Julie Delpy","France, USA",Roger Avary,"Crime, Thriller","English, French",Live Entertainment,R,01 Sep 1994,96.0,movie,Roger Avary,1993,6.5,18093,2,1
Thirty Two Short Films About Glenn Gould,"Colm Feore, Derek Keurvorst, Katya Ladan, Devon Anderson","Canada, Netherlands, Portugal, Finland",François Girard,"Biography, Drama, Music","English, French",Sony Pictures Home Entertainment,NOT RATED,26 Nov 1993,98.0,movie,"François Girard (screenplay), Don McKellar (screenplay), Glenn Gould (additional material)",1993,7.5,3249,7,4
Khal Nayak,"Rakhee Gulzar, Jackie Shroff, Sanjay Dutt, Madhuri Dixit",India,Subhash Ghai,"Action, Adventure, Crime",Hindi,Rajshri Media,NOT RATED,Unknown,190.0,movie,"Subhash Ghai, Ram Kelkar (screenplay), Kamlesh Pandey (dialogue)",1993,7.3,2150,1,2
Witchboard 2,"Ami Dolenz, Christopher Michael Moore, Laraine Newman, Timothy Gibbs",USA,Kevin Tenney,"Horror, Mystery",English,Republic Pictures Home Video,R,10 Sep 1993,98.0,movie,Kevin Tenney,1993,5.0,1210,0,0
Hum Hain Rahi Pyar Ke,"Aamir Khan, Juhi Chawla, Sharokh Bharucha, Kunal Khemu",India,Mahesh Bhatt,"Drama, Family, Comedy",Hindi,Unknown,NOT RATED,05 Jul 1993,163.0,movie,"Robin Bhatt (dialogue), Robin Bhatt (screenplay), Robin Bhatt (script), Robin Bhatt (story), Aamir Khan (screenplay), Sujit Sen (story)",1993,7.4,4290,4,1
Robot Wars,"Don Michael Paul, Barbara Crampton, James Staley, Lisa Rinna",USA,Albert Band,"Action, Sci-Fi",English,Full Moon,PG,28 Apr 1993,69.0,movie,"Charles Band (original idea), Jackson Barr (screenplay)",1993,4.1,775,0,0
Tango,"Philippe Noiret, Richard Bohringer, Thierry Lhermitte, Carole Bouquet",France,Patrice Leconte,Comedy,French,TF1 Films Production,NOT RATED,01 Apr 1996,88.0,movie,"Patrice Leconte (scenario), Patrick Dewolf (collaboration)",1993,6.4,1109,0,0
Baazigar,"Shah Rukh Khan, Rakhee Gulzar, Kajol, Siddharth",India,"Abbas Alibhai Burmawalla, Mastan Alibhai Burmawalla","Crime, Drama, Musical",Hindi,United Seven Creations,R,12 Nov 1993,175.0,movie,"Robin Bhatt, Akash Khurana, Javed Siddiqui",1993,7.8,21100,4,6
King Uncle,"Jackie Shroff, Shah Rukh Khan, Nagma, Sushmita Mukherjee",India,Rakesh Roshan,"Comedy, Drama, Family",Hindi,Unknown,NOT RATED,05 Feb 1993,171.0,movie,"Anees Bazmee (dialogue), Ravi Kapoor (screenplay), Mohan Kaul (screenplay)",1993,5.2,2268,0,0
Scanner Cop,"Daniel Quinn, Darlanne Fluegel, Richard Grove, Mark Rolston","USA, Canada, Germany",Pierre David,"Horror, Sci-Fi",English,Republic Pictures Home Video,R,01 May 1994,95.0,movie,"John Bryant, David Cronenberg (characters), Pierre David (story), George Saunders",1994,5.1,903,0,0
Dead Tired,"Michel Blanc, Carole Bouquet, Philippe Noiret, Josiane Balasko",France,Michel Blanc,Comedy,"French, English",Gaumont,R,12 Jul 1995,92.0,movie,"Michel Blanc (scenario and dialogue), Bertrand Blier (original idea)",1994,6.4,1574,2,2
Colonel Chabert,"Gérard Depardieu, Fanny Ardant, Fabrice Luchini, André Dussollier",France,Yves Angelo,"Drama, History, Romance",French,Republic Pictures Home Video,NOT RATED,21 Sep 1994,110.0,movie,"Yves Angelo, Jean Cosmos, Véronique Lagrange, Honoré de Balzac (novel)",1994,7.0,1486,2,6
Billy Madison,"Adam Sandler, Darren McGavin, Bridgette Wilson-Sampras, Bradley Whitford",USA,Tamra Davis,Comedy,"English, French, Spanish",MCA Universal Home Video,PG-13,10 Feb 1995,89.0,movie,"Tim Herlihy, Adam Sandler",1995,6.4,114305,0,1
Evil Ed,"Johan Rudebeck, Per Löfberg, Olof Rhodin, Camela Leierth",Sweden,Anders Jacobsson,"Comedy, Horror","English, Swedish",Unknown,R,02 May 1997,93.0,movie,"Anders Jacobsson (screenplay), Göran Lundström (screenplay), Christer Ohlsson (screenplay), Anders Jacobsson, Göran Lundström, Christer Ohlsson",1995,5.5,2672,0,0
La Haine,"Vincent Cassel, Hubert Koundé, Saïd Taghmaoui, Abdel Ahmed Ghili",France,Mathieu Kassovitz,"Crime, Drama",French,Criterion Collection,NOT RATED,23 Feb 1996,98.0,movie,Mathieu Kassovitz,1995,8.1,119118,8,13
The City of Lost Children,"Ron Perlman, Daniel Emilfork, Judith Vittet, Dominique Pinon","France, Germany, Spain, Belgium","Marc Caro, Jean-Pierre Jeunet","Fantasy, Sci-Fi","French, Cantonese",Sony Pictures Classics,R,15 Dec 1995,112.0,movie,"Gilles Adrien, Jean-Pierre Jeunet, Marc Caro, Gilles Adrien (dialogue), Guillaume Laurant (additional dialogue), Jean-Pierre Jeunet (additional dialogue)",1995,7.6,59243,2,11
Grumpier Old Men,"Walter Matthau, Jack Lemmon, Sophia Loren, Ann-Margret",USA,Howard Deutch,"Comedy, Romance","English, Italian, German",Warner Home Video,PG-13,22 Dec 1995,101.0,movie,"Mark Steven Johnson (characters), Mark Steven Johnson",1995,6.6,21180,2,2
Orson Welles: The One-Man Band,"Oja Kodar, Ingrid Bergman, Tim Brooke-Taylor, Michael Bryant","Germany, France, Switzerland","Vassili Silovic, Oja Kodar",Documentary,"English, German",Unknown,NOT RATED,08 Oct 1995,88.0,movie,"Vassili Silovic, Roland Zag",1995,7.7,396,0,0
Happiness Is in the Field,"Michel Serrault, Eddy Mitchell, Sabine Azéma, Carmen Maura",France,Étienne Chatiliez,Comedy,French,Unknown,NOT RATED,31 Jan 1997,106.0,movie,Florence Quentin,1995,7.0,2346,1,5
Jumanji,"Robin Williams, Jonathan Hyde, Kirsten Dunst, Bradley Pierce",USA,Joe Johnston,"Adventure, Family, Fantasy","English, French",Sony Pictures Home Entertainment,PG,15 Dec 1995,104.0,movie,"Jonathan Hensleigh (screenplay), Greg Taylor (screenplay), Jim Strain (screenplay), Greg Taylor (screen story), Jim Strain (screen story), Chris Van Allsburg (screen story), Chris Van Allsburg (book)",1995,6.9,246203,4,9
French Kiss,"Meg Ryan, Kevin Kline, Timothy Hutton, Jean Reno","UK, USA",Lawrence Kasdan,"Comedy, Drama, Romance","English, French",Twentieth Century Fox Home Entertainment,PG-13,05 May 1995,111.0,movie,Adam Brooks,1995,6.6,41704,0,2
Barsaat,"Bobby Deol, Twinkle Khanna, Raj Babbar, Mukesh Khanna",India,Rajkumar Santoshi,"Action, Romance",Hindi,Unknown,NOT RATED,29 Sep 1995,166.0,movie,"Shyam Gupta (dialogue), Rajkumar Santoshi (dialogue), Rajkumar Santoshi (screenplay), Rajkumar Santoshi (story)",1995,5.3,807,1,0
The Hunted,"Christopher Lambert, John Lone, Joan Chen, Yoshio Harada",USA,J.F. Lawton,"Action, Drama, Thriller","English, Japanese",MCA Universal Home Video,R,24 Feb 1995,110.0,movie,J.F. Lawton,1995,5.9,4051,0,0
Robo Warriors,"James Remar, Kyle Howard, James Tolkan, James Lew",USA,Ian Barry,"Action, Adventure, Sci-Fi",English,Premiere Entertainment Productions,PG-13,01 Oct 1996,93.0,movie,"Stuart Gordon (characters), Michael Berlin",1996,4.8,322,0,0
Raja Hindustani,"Aamir Khan, Karisma Kapoor, Suresh Oberoi, Johnny Lever",India,Dharmesh Darshan,"Drama, Romance, Musical",Hindi,Unknown,NOT RATED,08 Nov 1996,165.0,movie,"Robin Bhatt (screenplay), Dharmesh Darshan (dialogue), Dharmesh Darshan (story), Dharmesh Darshan, Javed Siddiqui (dialogue)",1996,6.1,5596,9,0
Khamoshi: The Musical,"Nana Patekar, Salman Khan, Manisha Koirala, Seema Biswas",India,Sanjay Leela Bhansali,"Drama, Musical, Romance",Hindi,Unknown,NOT RATED,09 Aug 1996,159.0,movie,"Sanjay Leela Bhansali, Sutapa Sikdar (dialogue)",1996,7.5,1964,5,1
Ghatak: Lethal,"Sunny Deol, Meenakshi Sheshadri, Danny Denzongpa, Anjan Srivastav",India,Rajkumar Santoshi,"Action, Drama, Romance",Hindi,Unknown,NOT RATED,08 Nov 1996,158.0,movie,"Vijay Deveshwar (associate writer), Shyam Gupta (dialogue), K.K. Raina (associate screenplay), Rajkumar Santoshi (dialogue), Rajkumar Santoshi (screenplay), Rajkumar Santoshi (story)",1996,7.4,2458,2,0
Hi Cousin!,"Gad Elmaleh, Messaoud Hattau, Magaly Berdy, Ann-Gisel Glass","France, Algeria, Belgium, Luxembourg",Merzak Allouache,Comedy,"French, Arabic",Unknown,NOT RATED,21 Feb 1997,98.0,movie,"Merzak Allouache, Caroline Thivel",1996,6.4,253,3,1
The Boys Club,"Chris Penn, Dominic Zamprogna, Stuart Stone, Devon Sawa",Canada,John Fawcett,"Adventure, Crime, Drama",English,Ardustry Home Entertainment,R,Unknown,90.0,movie,"Doug Smith (story), Peter Wellington (screenplay)",1996,6.5,980,0,5
Mars Attacks!,"Jack Nicholson, Glenn Close, Annette Bening, Pierce Brosnan",USA,Tim Burton,"Comedy, Sci-Fi","English, French",Warner Home Video,PG-13,13 Dec 1996,106.0,movie,"Len Brown (trading card series), Woody Gelman (trading card series), Wally Wood (trading card series), Bob Powell (trading card series), Norman Saunders (trading card series), Jonathan Gems (screen story), Jonathan Gems (screenplay)",1996,6.3,187104,3,19
Thieves,"Catherine Deneuve, Daniel Auteuil, Laurence Côte, Benoît Magimel",France,André Téchiné,"Crime, Drama, Romance",French,Les Films Alain Sarde,R,25 Dec 1996,117.0,movie,"André Téchiné (dialogue), Gilles Taurand (dialogue), Michel Alexandre, André Téchiné (scenario), Gilles Taurand (scenario), Pascal Bonitzer (scenario collaborator)",1996,7.0,1647,3,6
Chachi 420,"Kamal Haasan, Amrish Puri, Om Puri, Tabu",India,Kamal Haasan,"Comedy, Drama, Family",Hindi,Jhamu Sughand Productions,NOT RATED,19 Dec 1997,155.0,movie,"Gulzar (dialogue), Kamal Haasan (screenplay)",1997,7.4,9563,1,3
Mr. & Mrs. Khiladi,"Akshay Kumar, Juhi Chawla, Paresh Rawal, Anil Dhawan",India,David Dhawan,"Comedy, Drama, Romance",Hindi,Unknown,NOT RATED,09 Oct 1997,133.0,movie,"Satyanarayana E.V.V. (story), Rumi Jaffery",1997,6.7,4929,0,0
Gupt: The Hidden Truth,"Bobby Deol, Manisha Koirala, Kajol, Prem Chopra",India,Rajiv Rai,"Action, Crime, Drama",Hindi,Unknown,NOT RATED,15 Aug 1997,173.0,movie,"Shabbir Boxwala (screenplay), Rajiv Rai (screenplay), Rajiv Rai (story), Naeem Sha (dialogue director), Naeem Sha (dialogue)",1997,7.4,3811,3,5
Babes in Toyland,"Charles Nelson Reilly, Lacey Chabert, Joseph Ashton, Raphael Sbarge",USA,"Toby Bluth, Charles Grosvenor, Paul Sabella","Animation, Comedy, Family",English,MGM,G,14 Oct 1997,74.0,movie,"John Loy (screenplay), Glen MacDonough (operetta)",1997,4.6,412,0,2
The Brave Little Toaster to the Rescue,"Jessica Tuck, Chris Young, Roger Kabler, Deanna Oliver",USA,Robert C. Ramirez,"Family, Adventure, Fantasy",English,Hyperion Pictures,NOT RATED,24 May 1999,74.0,movie,"Willard Carroll (story and screenplay), Thomas M. Disch (characters), Joe Ranft (additional characters), Jerry Rees (additional characters)",1997,6.3,921,0,0
Spicy Love Soup,"Emil Chau, Yuanyuan Gao, Tao Guo, Bin Li",China,Yang Zhang,Unknown,Unknown,Unknown,NOT RATED,Unknown,109.0,movie,"Shangjun Cai, Yi'nan Diao, Fendou Liu, Peter Loehr (story), Yang Zhang",1997,7.1,233,5,2
Daud: Fun on the Run,"Sanjay Dutt, Urmila Matondkar, Paresh Rawal, Neeraj Vora",India,Ram Gopal Varma,"Action, Adventure, Comedy",Hindi,Unknown,NOT RATED,22 Aug 1997,180.0,movie,"Sanjay Chhel (dialogue), Kannan Iyer (screenplay), Kannan Iyer (story), Ram Gopal Varma (screenplay), Ram Gopal Varma (story)",1997,5.9,727,0,0
Dil To Pagal Hai,"Shah Rukh Khan, Madhuri Dixit, Karisma Kapoor, Akshay Kumar",India,Yash Chopra,"Comedy, Drama, Musical",Hindi,Yash Raj Films,NOT RATED,30 Oct 1997,179.0,movie,"Tanuja Chandra (screenplay), Aditya Chopra (dialogue), Pamela Chopra (screenplay), Yash Chopra (screenplay)",1997,7.1,17547,8,0
Seventh Heaven,"Sandrine Kiberlain, Vincent Lindon, François Berléand, Francine Bergé",France,Benoît Jacquot,Drama,French,Zeitgeist Films,NOT RATED,31 Jul 1998,88.0,movie,"Benoît Jacquot, Jérôme Beaujour",1997,6.8,326,0,2
Legion,"Parker Stevenson, Terry Farrell, Corey Feldman, Rick Springfield",USA,Jon Hess,"Action, Horror, Sci-Fi",English,Unknown,NOT RATED,18 Apr 1998,97.0,movie,Evan Spiliotopoulos,1998,4.8,415,0,0
Carnival of Souls,"Bobbie Phillips, Shawnee Smith, Larry Miller, Paul Johansson",USA,Adam Grossman,"Drama, Horror, Mystery",English,Trimark Pictures,R,21 Aug 1998,90.0,movie,"John Clifford (story ""Carnival of Souls""), Adam Grossman (screenplay)",1998,3.2,1853,0,0
A Soldier's Daughter Never Cries,"Kris Kristofferson, Barbara Hershey, Leelee Sobieski, Jane Birkin","UK, France, USA",James Ivory,Drama,"English, French",October Films,R,18 Sep 1998,127.0,movie,"Kaylie Jones (novel), James Ivory (screenplay), Ruth Prawer Jhabvala (screenplay)",1998,6.9,2127,0,4
Soldier,"Rakhee Gulzar, Bobby Deol, Preity Zinta, Farida Jalal",India,"Abbas Alibhai Burmawalla, Mastan Alibhai Burmawalla","Action, Drama, Musical",Hindi,Warner Bros. Pictures,NOT RATED,12 Oct 1998,156.0,movie,"Sachin Bhowmick (screenplay), Shyam Goel (screenplay), Shyam Goel (story), Javed Siddiqui (dialogue)",1998,6.2,1956,4,0
Pyaar Kiya To Darna Kya,"Salman Khan, Kajol, Arbaaz Khan, Anjala Zaveri",India,Sohail Khan,"Comedy, Romance",Hindi,Unknown,NOT RATED,27 Mar 1998,162.0,movie,"Sanjeev Duggal (dialogue), Sohail Khan (story and screenplay)",1998,6.8,2812,1,0
"Life, Love & Celluloid","Armin Armani, Christa Armstrong, Mary Lea Bandy, Terry Elsworth",Germany,Juliane Lorenz,Documentary,"English, German",Unknown,NOT RATED,30 Jul 2005,90.0,movie,Juliane Lorenz,1998,5.0,39,0,0
Dulhe Raja,"Govinda, Raveena Tandon, Kader Khan, Prem Chopra",India,Harmesh Malhotra,Comedy,Hindi,Unknown,NOT RATED,10 Jul 1998,143.0,movie,"Rajeev Kaul (screenplay), Rajeev Kaul (story), Anwar Khan (dialogue), Praful Parekh (screenplay), Praful Parekh (story)",1998,6.6,1645,1,0
China Gate,"Om Puri, Naseeruddin Shah, Danny Denzongpa, Mamta Kulkarni",India,Rajkumar Santoshi,"Action, Adventure, Drama",Hindi,Unknown,NOT RATED,Unknown,175.0,movie,"Vijay Deveshwar (dialogue associate), K.K. Raina (dialogue), K.K. Raina (screenplay), Anjum Rajabali (screenplay), Rajkumar Santoshi (dialogue), Rajkumar Santoshi (screenplay), Rajkumar Santoshi (story)",1998,6.7,1034,1,0
Biwi No. 1,"Anil Kapoor, Salman Khan, Karisma Kapoor, Sushmita Sen",India,David Dhawan,"Comedy, Drama, Romance",Hindi,Unknown,NOT RATED,28 May 1999,159.0,movie,Kamal Haasan (story),1999,5.7,3737,5,2
Mast,"Urmila Matondkar, Aftab Shivdasani, Dalip Tahil, Smita Jaykar",India,Ram Gopal Varma,"Fantasy, Musical, Romance",Hindi,Unknown,NOT RATED,15 Oct 1999,153.0,movie,"Ramesh Khatkar (dialogue), Ramesh Khatkar (screenplay), Ramesh Khatkar (story), Vinod Ranganathan (dialogue), Vinod Ranganathan (screenplay), Vinod Ranganathan (story)",1999,5.5,726,2,0
Kachche Dhaage,"Ajay Devgn, Saif Ali Khan, Manisha Koirala, Namrata Shirodkar",India,Milan Luthria,"Action, Drama, Romance",Hindi,Unknown,NOT RATED,Unknown,144.0,movie,"Sanjay Chhel, Anjum Rajabali (screenplay), Anjum Rajabali (story)",1999,6.0,1069,1,0
Genius,"Trevor Morgan, Emmy Rossum, Charles Fleischer, Yannick Bisson",USA,Rod Daniel,"Comedy, Family, Romance",English,DIC Entertainment,TV-G,21 Aug 1999,82.0,movie,"John Rieck (story), John Rieck (teleplay), Jim Lincoln (teleplay), Dan Studney (teleplay)",1999,6.5,1395,0,2
Naked Under the Moon,"Klaudia Koronel, Joel Torre, Elizabeth Oropesa, Isabel Granada",Philippines,Lav Diaz,Drama,"Filipino, Tagalog",Unknown,NOT RATED,08 Sep 1999,110.0,movie,"Suzette Doctolero (story), Bong Ramos (story), Lav Diaz (story), Suzette Doctolero (screenplay), Bong Ramos (screenplay), Lav Diaz (screenplay)",1999,7.1,60,0,3
Deewane,"Ajay Devgn, Urmila Matondkar, Mahima Chaudhry, Paresh Rawal",India,Harry Baweja,"Action, Romance",Hindi,Unknown,NOT RATED,11 Aug 2000,164.0,movie,Unknown,2000,4.7,466,0,0
Khiladi 420,"Akshay Kumar, Mahima Chaudhry, Antara Mali, Sudhanshu Pandey",India,Neeraj Vora,"Action, Crime, Drama",Hindi,Unknown,NOT RATED,29 Dec 2000,157.0,movie,"Uttam Gada (dialogue), Uttam Gada (story), Neeraj Vora (dialogue)",2000,5.6,1457,0,3
Kurukshetra,"Sanjay Dutt, Mahima Chaudhry, Om Puri, Shivaji Satam",India,Mahesh Manjrekar,"Action, Crime, Drama",Hindi,Unknown,NOT RATED,17 Nov 2000,129.0,movie,"Ravi Shankar Jaiswal (additional dialogue), Mahesh Manjrekar (screenplay), Mahesh Manjrekar (story), K.K. Singh (dialogue)",2000,6.1,756,0,2
Refugee,"Jackie Shroff, Sunil Shetty, Abhishek Bachchan, Kareena Kapoor Khan",India,J.P. Dutta,"Drama, Musical, Romance",Hindi,Rajshri Media,NOT RATED,30 Jun 2000,207.0,movie,"J.P. Dutta (screenplay), J.P. Dutta (story), O.P. Dutta (dialogue)",2000,5.6,1569,11,10
Kya Kehna,"Preity Zinta, Saif Ali Khan, Chandrachur Singh, Anupam Kher",India,Kundan Shah,"Drama, Romance",Hindi,Unknown,NOT RATED,19 May 2000,155.0,movie,Honey Irani,2000,5.9,1560,2,9
Dhadkan,"Akshay Kumar, Shilpa Shetty, Sunil Shetty, Mahima Chaudhry",India,Dharmesh Darshan,"Drama, Romance",Hindi,Unknown,NOT RATED,11 Aug 2000,161.0,movie,"Dharmesh Darshan (dialogue), Naseem Mukri (dialogue), Naseem Mukri (screenplay), Raj Sinha (screenplay)",2000,6.8,5639,3,26
2gether,"Noah Bastian, Alan Blumenfeld, Michael Cuccione, Kevin P. Farley","Canada, USA",Nigel Dick,"Drama, Comedy, Music",English,Unknown,NOT RATED,21 Feb 2000,0.0,movie,"Brian Gunn, Mark Gunn",2000,7.3,1273,0,0
Fiza,"Jaya Bhaduri, Karisma Kapoor, Hrithik Roshan, Neha",India,Khalid Mohamed,"Action, Crime, Drama","Hindi, Urdu",Unknown,NOT RATED,08 Sep 2000,170.0,movie,"Khalid Mohamed (story and screenplay), Javed Siddiqui (dialogue)",2000,6.2,3183,4,18
Alai Payuthey,"Madhavan, Shalini, Swarnamalya, V. Natarajan",India,Mani Ratnam,"Drama, Musical, Romance",Tamil,Unknown,NOT RATED,14 Apr 2000,156.0,movie,"Mani Ratnam (dialogue), Mani Ratnam (screenplay), Mani Ratnam (story), R. Selvaraj (dialogue)",2000,8.3,3380,3,0
The Slurb,"Ulrich Noethen, Christine Urspruch, Aglaia Szyszkowitz, Armin Rohde",Germany,Ben Verbong,"Comedy, Family, Fantasy","German, Inuktitut",Unknown,NOT RATED,18 Oct 2001,102.0,movie,"Paul Maar (screenplay), Ulrich Limmer (screenplay), Paul Maar (books)",2001,5.7,667,6,1
Jett Jackson: The Movie,"Lee Thompson Young, Lindy Booth, Nigel Shawn Williams, Ryan Sommers Baum",Canada,Shawn Levy,"Action, Adventure, Comedy",English,Alliance Atlantis Television Productions,PG,08 Jun 2001,100.0,movie,Bruce Kalish,2001,6.4,988,1,4
Winning London,"Mary-Kate Olsen, Ashley Olsen, Brandon Tyler, Jesse Spencer",USA,Craig Shapiro,"Adventure, Comedy, Family",English,Warner Home Video,G,27 Mar 2001,93.0,movie,Karol Ann Hoeffner,2001,5.5,3280,0,0
Black River,"Jay Mohr, Lisa Edelstein, Ann Cusack, Ron Canada",USA,Jeff Bleckner,"Mystery, Sci-Fi",English,Bayonne Entertainment,PG,06 Jul 2001,84.0,movie,"Daniel Taplitz (teleplay), Dean R. Koontz (novel)",2001,5.9,1205,0,0
Vaya con Dios,"Michael Gwisdek, Daniel Brühl, Traugott Buhre, Matthias Brenner",Germany,Zoltan Spirandelli,"Comedy, Music, Romance",German,Unknown,NOT RATED,28 Mar 2002,106.0,movie,Zoltan Spirandelli,2002,7.0,910,6,0
My Little Bride,"Rae-won Kim, Geun-young Moon, Sun-yeong Ahn, Bo-kyeong Kim",South Korea,Ho-joon Kim,"Comedy, Drama, Romance","Korean, English",Unknown,NOT RATED,02 Apr 2004,115.0,movie,Sun-il Yu,2004,7.2,4403,0,0
Tomorrow We Move,"Sylvie Testud, Aurore Clément, Jean-Pierre Marielle, Natacha Régnier","France, Belgium",Chantal Akerman,Comedy,French,RTBF,NOT RATED,03 Mar 2004,110.0,movie,"Chantal Akerman, Eric De Kuyper",2004,6.0,373,1,1
Breaking Dawn,"Kelly Overton, James Haven, Jennette McCurdy, Joe Morton",USA,Mark Edwin Robinson,"Horror, Mystery, Thriller",English,Castlight Pictures,R,16 Oct 2004,87.0,movie,Mark Edwin Robinson,2004,5.7,1444,0,0
Stuck in the Suburbs,"Danielle Panabaker, Brenda Song, Amanda Shaw, CiCi Hedgpeth",USA,Savage Steve Holland,"Comedy, Family, Music",English,Richard Fischoff,TV-G,16 Jul 2004,76.0,movie,"Wendy Engelberg (story), Amy Engelberg (story), Wendy Engelberg (teleplay), Amy Engelberg (teleplay), Dan Berendsen (teleplay)",2004,5.7,2930,0,0
30 Days Until I'm Famous,"Sean Patrick Flanery, Camille Guaty, Alanna Ubach, Jack Plotnick",USA,Gabriela Tagliavini,"Comedy, Romance","English, Spanish, French",Anchor Bay Entertainment,NOT RATED,07 May 2004,90.0,movie,Laura Angelica Simon,2004,5.0,296,0,0
Garam Masala,"Akshay Kumar, John Abraham, Paresh Rawal, Rimi Sen",India,Priyadarshan,"Comedy, Romance",Hindi,Venus Films,NOT RATED,03 Nov 2005,146.0,movie,"Priyadarshan (screenplay), Neeraj Vora (dialogue), Priyadarshan (story)",2005,6.8,10613,1,2
Headspace,"Christopher Denham, Sean Young, Larry Fessenden, Daniel Manche",USA,Andrew van den Houten,"Horror, Mystery, Sci-Fi",English,Freestyle Releasing,R,18 Sep 2005,89.0,movie,"Troy McCombs (story), Steve Klausner (screenplay), William M. Miller (screenplay)",2005,4.7,1673,1,0
Apaharan,"Ajay Devgn, Nana Patekar, Bipasha Basu, Ayub Khan",India,Prakash Jha,"Action, Crime, Drama",Hindi,Entertainment One,NOT RATED,02 Dec 2005,173.0,movie,"Prakash Jha (dialogue), Prakash Jha (screenplay), Prakash Jha (story), Shridhar Raghavan (screenplay), Manoj Tyagi (screenplay)",2005,7.4,3452,4,2
A Stranger of Mine,"Yasuhi Nakamura, Reika Kirishima, Sô Yamanaka, Yuka Itaya",Japan,Kenji Uchida,"Comedy, Drama, Romance",Japanese,Unknown,NOT RATED,05 Jan 2006,98.0,movie,Kenji Uchida,2005,7.8,883,12,1
Now You See It...,"Aly Michalka, Johnny Pacar, Frank Langella, Chris Olivero",USA,Duwayne Dunham,"Drama, Family, Fantasy",English,"Disney Enterprises, Inc.",TV-G,14 Jan 2005,83.0,movie,Bill Fritz,2005,6.5,1744,0,0
Life Is Ruff,"Kyle Massey, Kay Panabaker, Mitchel Musso, Carter Jenkins",USA,Charles Haid,"Comedy, Family",English,Davis Entertainment,TV-G,15 Jul 2005,84.0,movie,Eddie Guzelian,2005,5.1,1115,0,0
The Legend of 7 Cutter,"Jae-mo Ahn, Myeong-hun Cheon, Hyeon-yeong, Jun-ha Jeong",South Korea,Nam-ki Kwon,Comedy,Korean,Unknown,NOT RATED,30 Mar 2006,100.0,movie,"Jeong Heo, In-ho Hwang, Nam-ki Kwon, Sang-ho Oh",2006,6.3,292,0,0
Snapphanar,"André Sjöberg, Tuva Novotny, Anders Ekborg, Malin Morgan","Sweden, Lithuania, Denmark, Finland, Norway",Unknown,"Action, Drama, History","Swedish, Danish",Unknown,NOT RATED,22 Nov 2006,174.0,series,Unknown,2006,5.4,957,0,0
Cow Belles,"Aly Michalka, AJ Michalka, Jack Coleman, Sheila McCarthy",USA,Francine McDougall,"Comedy, Family, Romance",English,Walt Disney Home Entertainment,TV-G,24 Mar 2006,90.0,movie,"Matt Dearborn (teleplay), Matt Dearborn (story), Stu Krieger (teleplay)",2006,5.3,4884,0,0
Chup Chup Ke,"Kareena Kapoor Khan, Shahid Kapoor, Paresh Rawal, Neha Dhupia",India,"Priyadarshan, Kookie Vikas Gulati","Comedy, Drama, Romance",Hindi,UTV Motion Pictures,NOT RATED,09 Jun 2006,164.0,movie,"Priyadarshan (story and screenplay), Neeraj Vora (dialogue)",2006,6.6,5872,0,0
Belle toujours,"Michel Piccoli, Bulle Ogier, Ricardo Trêpa, Leonor Baldaque","Portugal, France",Manoel de Oliveira,"Drama, Music",French,New Yorker Films,NOT RATED,11 Apr 2007,68.0,movie,Manoel de Oliveira,2006,6.5,857,0,4
Triple Dare,"Emma Leth, Cathrine Bjørn, Amalie Lindegård, Sebastian Jessen",Denmark,Christina Rosendahl,Drama,Danish,Unknown,NOT RATED,11 Aug 2006,92.0,movie,Mette Heeno,2006,5.6,793,2,2
The Dark Hour,"Silke, Omar Muñoz, Pepo Oliva, Carola Manzanares",Spain,Elio Quiroga,"Horror, Mystery, Sci-Fi",Spanish,Unknown,NOT RATED,14 Sep 2007,92.0,movie,Elio Quiroga,2006,6.0,1591,0,0
The Lost,"Marc Senter, Shay Astar, Alex Frost, Megan Henning",USA,Chris Sivertson,"Crime, Drama, Horror",English,Anchor Bay Entertainment,NOT RATED,18 Mar 2008,119.0,movie,"Chris Sivertson (written for the screen by), Jack Ketchum (novel)",2006,6.0,2391,2,1
Dor,"Ayesha Takia, Shreyas Talpade, Gul Panag, Girish Karnad",India,Nagesh Kukunoor,Drama,"Hindi, Urdu",T-House Productions,NOT RATED,22 Sep 2006,147.0,movie,"Nagesh Kukunoor (screenplay), Nagesh Kukunoor (story), Mir Ali Husain (story), T.A. Razak",2006,8.0,4733,0,0
Desolation Canyon,"Stacy Keach, Patrick Duffy, Kenny Johnson, Kelly Overton",USA,David S. Cass Sr.,Western,English,RHI Entertainment,NOT RATED,Unknown,80.0,movie,Dan Fitzsimons,2006,5.6,275,0,0
Jump In!,"Corbin Bleu, Keke Palmer, David Reivers, Shanica Knowles",USA,Paul Hoen,"Comedy, Drama, Family",English,Davis Entertainment,TV-G,27 Apr 2007,85.0,movie,"Doreen Spicer, Regina Y. Hicks, Karin Gist",2007,5.4,5455,2,2
Too Young to Marry,"Nina Dobrev, Dillon Casey, Polly Draper, Frank Schorpion","USA, Canada",Michel Poulette,"Comedy, Drama, Romance",English,Unknown,TV-14,09 Jul 2007,90.0,movie,"Elle Triedman (teleplay), Sterling Anderson (story)",2007,5.8,649,0,0
L'ennemi intime,"Benoît Magimel, Albert Dupontel, Aurélien Recoing, Marc Barbé","France, Morocco",Florent-Emilio Siri,"Drama, History, War","French, Arabic, Kabyle",SND,NOT RATED,02 Oct 2009,111.0,movie,"Patrick Rotman (screenplay), Florent-Emilio Siri (adaptation), Patrick Rotman (adaptation)",2007,6.9,2958,2,4
Hush Little Baby,"Victoria Pratt, Ari Cohen, Johanna Black, Tiffany Amiot",Canada,Holly Dale,"Drama, Mystery, Thriller",English,Nomadic Pictures,TV-14,27 Oct 2007,90.0,movie,"Philip Levens, Ian Kessner",2007,4.2,376,1,0
Vaaranam Aayiram,"Suriya, Simran, Ramya, Sameera Reddy",India,Gautham Menon,"Drama, Musical, Romance",Tamil,Unknown,NOT RATED,14 Nov 2008,169.0,movie,"Meghana Karthik (subtitles), Gautham Menon",2008,8.0,5860,7,3
Don't Look Down,"Antonella Costa, Leandro Stivelman, Hugo Arana, Mónica Galán","Argentina, France",Eliseo Subiela,"Drama, Romance",Spanish,Unknown,R,30 Oct 2008,85.0,movie,Eliseo Subiela,2008,6.1,2111,2,0
Resurrection County,"Adam Huss, Kathryn Michelle, Dayton Knoll, Cassie Self",USA,Matt Zettell,"Horror, Thriller",English,Unknown,R,19 Oct 2011,95.0,movie,"James Cotten, Matt Yeager, James Cotten (story)",2008,4.7,491,0,0
Minutemen,"Jason Dolley, Luke Benward, Nicholas Braun, Chelsea Kane",USA,Lev L. Spiro,"Adventure, Comedy, Family",English,Walt Disney Home Entertainment,TV-G,25 Jan 2008,98.0,movie,"John Killoran (teleplay), David Diamond (story), David Weissman (story)",2008,6.0,4361,0,5
Acolytes,"Joel Edgerton, Michael Dorman, Sebastian Gregory, Hanna Mangan Lawrence",Australia,Jon Hewitt,"Crime, Drama, Horror",English,IFC Midnight,NOT RATED,25 Mar 2009,91.0,movie,"Shane Krause, Shayne Armstrong, Jon Hewitt, James M. Vernon (additional writing)",2008,5.6,2011,3,2
King of Escape,"Ludovic Berthillot, Hafsia Herzi, Pierre Laur, Luc Palun",France,Alain Guiraudie,"Adventure, Comedy",French,Unknown,NOT RATED,15 Jul 2009,93.0,movie,"Alain Guiraudie (screenplay), Laurent Lunetta (screenplay), Frédérique Moreau (collaboration)",2009,6.2,539,1,3
10-eok,"Jae-ho Baek, Seo-wu Choi, Seo-eun Han, Matt Hodgkinson",South Korea,Min-ho Cho,Thriller,Korean,Unknown,NOT RATED,06 Aug 2009,114.0,movie,Min-ho Cho,2009,5.5,386,0,0
The Immortal Voyage of Captain Drake,"Adrian Paul, Temuera Morrison, Wes Ramsey, Daniel Kash","Bulgaria, USA",David Flores,"Adventure, Fantasy",English,Syfy,NOT RATED,17 Jan 2009,86.0,movie,Rafael Jordan,2009,4.3,506,0,0
Evil Things,"Laurel Casillo, Morgan Hooper, Torrey Weiss, Ryan Maslyn",USA,Dominic Perez,"Horror, Mystery, Thriller",English,Inception Media Group,R,11 Jul 2011,86.0,movie,Dominic Perez,2009,4.2,1412,0,0
Solitary,"Amber Jaeger, Andrew Johnson, Kieron Elliott, Kristine Sullivan",USA,Greg Derochie,Mystery,English,Formation Films,TV-14,Unknown,92.0,movie,"Greg Derochie, Charles Scalfani",2009,5.4,319,1,0
Vedam,"Anushka Shetty, Manoj Kumar Manchu, Allu Arjun, Manoj Bajpayee",India,Krish Jagarlamudi,"Action, Crime, Drama",Telugu,Unknown,NOT RATED,04 Jun 2010,135.0,movie,Radha Krishna,2010,8.2,3674,4,1
A Small Act,Unknown,USA,Jennifer Arnold,Documentary,"Kikuyu, English, Swahili, Swedish",HBO Documentary Films,NOT RATED,01 Jan 2010,88.0,movie,Jennifer Arnold,2010,7.5,289,4,4
Dear Mr. Gacy,"William Forsythe, Jesse Moss, Emma Lahana, Cole Heppell",Canada,Svetozar Ristovski,"Crime, Drama, Thriller",English,STARZ MEDIA LLC.,R,11 May 2010,103.0,movie,"Kellie Madison (screenplay), Clark Peterson (story), Jason Moss (book), Jeffrey Kottler (book)",2010,6.4,2697,0,0
Fire in Babylon,"Richie Benaud, Ian Botham, Geoffrey Boycott, Brian Close",UK,Stevan Riley,"Documentary, Sport",English,Tribeca Films,TV-14,22 Jul 2011,87.0,movie,Stevan Riley,2010,7.7,1432,0,3
Any and Every Which Way,"Yoshiki Kanahashi, Hôka Kinoshita, Kotono, Ini Kusano",Japan,Shôichirô Masumoto,Comedy,Japanese,Unknown,NOT RATED,27 Feb 2010,75.0,movie,Shôichirô Masumoto (screenplay),2010,5.1,54,0,0
Cat Shit One,"Satoshi Hino, Hiroshi Tsuchida",Japan,Kazuya Sasahara,"Animation, Short, Action","Japanese, English",Unknown,NOT RATED,05 Feb 2011,22.0,movie,Unknown,2010,7.0,1143,0,1
Pure,"Alicia Vikander, Samuel Fröler, Josephine Bauer, Martin Wallström",Sweden,Lisa Langseth,Drama,Swedish,Unknown,NOT RATED,22 Oct 2010,97.0,movie,Lisa Langseth,2010,7.0,3148,8,2
Remains,"Grant Bowler, Evalena Marie, Tawny Cypress, Miko Hughes",USA,Colin Theys,"Action, Drama, Horror",English,Unknown,NOT RATED,06 Dec 2011,88.0,movie,"John Doolan (screenplay), Steve Niles (graphic novel), Steve Niles (original story)",2011,4.2,1838,0,0
Bringing Ashley Home,"A.J. Cook, Jennifer Morrison, Patricia Richardson, Timothy Webber",Canada,Nick Copus,Drama,English,A & E Home Entertainment,NOT RATED,20 Mar 2011,87.0,movie,Walter Klenhard,2011,6.3,512,1,2
Certain Prey,"Mark Harmon, Lola Glaudini, Tatiana Maslany, Kate Greenhouse",USA,Chris Gerolmo,"Action, Crime, Thriller",English,Unknown,NOT RATED,06 Nov 2011,85.0,movie,"John Sandford (book), Chris Gerolmo (teleplay)",2011,5.6,1024,0,0
From the Head,"George Griffith, Matthew Lillard, Jeffrey Doornbos, Samantha Lemole",USA,George Griffith,Drama,English,Breaking Glass Pictures,NOT RATED,24 Jun 2011,95.0,movie,George Griffith,2011,7.6,73,0,1
The Selling,"Gabriel Diani, Janet Varney, Jonathan Klein, Etta Devine",USA,Emily Lou Wilbur,Comedy,English,Artist View Entertainment,NOT RATED,21 Aug 2012,92.0,movie,Gabriel Diani,2011,6.1,600,0,0
Varg Veum - Svarte får,"Trond Espen Seim, Lene Nystrøm, Bjørn Floberg, Alexander Karim",Norway,Stephan Apelgren,Crime,Norwegian,Unknown,NOT RATED,21 Jan 2011,90.0,movie,"Trygve Allister Diesen (screenplay), Christopher Harberg (story)",2011,6.1,920,0,0
Magi i luften,"Emma Sehested Høeg, Gustav Hintze, Victoria Carmen Sonne, Anton Honik","Denmark, Sweden",Simon Staho,"Drama, Musical",Danish,Unknown,NOT RATED,23 Jun 2011,90.0,movie,"Simon Staho (screenplay), Peter Birro (screenplay)",2011,4.9,108,1,2
Rush: Time Machine 2011: Live in Cleveland,"Geddy Lee, Alex Lifeson, Neil Peart",Canada,"Sam Dunn, Scot McFadyen","Documentary, Music",English,D & E Entertainment,NOT RATED,08 Nov 2011,163.0,movie,Unknown,2011,8.1,290,0,0
Let Go,"David Denman, Gillian Jacobs, Kevin Hart, Edward Asner",USA,Brian Jett,Comedy,English,Entertainment One,NOT RATED,21 Aug 2012,95.0,movie,Brian Jett,2011,5.4,471,0,0
The Dirty Picture,"Vidya Balan, Emraan Hashmi, Tusshar Kapoor, Naseeruddin Shah",India,Milan Luthria,"Biography, Comedy, Drama","Hindi, Tamil, English, English",Unknown,NOT RATED,02 Dec 2011,144.0,movie,"Rajat Arora (dialogue), Rajat Arora (screenplay), Rajat Arora, Aditi Mediratta (associate writer)",2011,6.7,7344,16,19
Ricochet,"John Corbett, Julie Benz, Kelly Overton, Haaz Sleiman",USA,Nick Gomez,"Crime, Drama, Mystery",English,Turner Network Television,NOT RATED,30 Nov 2011,89.0,movie,"Donald Martin, Sandra Brown (based on the novel by)",2011,4.6,273,0,0
Un mundo cuadrado,"Samuel Galiardo, Jesús Carroza, Rocío Peláez, Juanfra Juárez",Spain,Álvaro Begines,Unknown,Spanish,Unknown,NOT RATED,25 Nov 2011,0.0,movie,"Álvaro Begines, Miguel A. Carmona",2011,6.3,39,0,0
Not Waving But Drowning,"Vanessa Ray, Megan Guinan, Lynn Cohen, Scott Bryce",USA,Devyn Waitt,Drama,English,White Horse Pictures,NOT RATED,06 Jun 2012,100.0,movie,Devyn Waitt,2012,6.2,263,1,1
Dark Blood,"River Phoenix, Judy Davis, Jonathan Pryce, Karen Black","USA, UK, Netherlands",George Sluizer,Thriller,English,Scala Productions,NOT RATED,26 Apr 2014,86.0,movie,Jim Barton,2012,6.6,966,0,0
Ghoul,"Barry Corbin, Catherine Mary Stewart, Nolan Gould, Catherine Curtin",USA,Gregory Wilson,"Drama, Horror, Thriller",English,Chiller Films,NOT RATED,13 Apr 2012,80.0,movie,"Brian Keene (novel), William M. Miller (screenplay)",2012,3.9,581,1,0
Krot na more,Unknown,Russia,Anna Kadykova,"Animation, Short, Adventure",Unknown,Unknown,NOT RATED,01 Sep 2012,5.0,movie,"Anna Kadykova (story), Anna Kadykova",2012,7.2,6,0,1
Infinite,"Joanne Clendining, Brian Fifield, Nick Grock, Mark Kochanowicz",USA,Daniel Speers,"Short, Drama, Sci-Fi",English,Unknown,NOT RATED,26 Aug 2012,0.0,movie,Daniel Speers,2012,7.7,16,0,0
Macropolis,Unknown,UK,Joel Simon,"Animation, Short",English,Unknown,NOT RATED,05 Jul 2012,8.0,movie,"Ciaran Morrison, Mick O'Hara, Joel Simon",2012,7.0,64,1,2
Evidence,"Ryan McCoy, Brett Rosenberg, Ashley Bracken, Toby Bryant",USA,Howie Askins,"Horror, Mystery, Sci-Fi",English,Unknown,NOT RATED,27 Sep 2012,78.0,movie,Ryan McCoy,2012,5.1,3903,0,0
Oh Willy...,Unknown,"Belgium, France, Netherlands","Emma De Swaef, Marc James Roels","Animation, Short, Adventure",None,Unknown,NOT RATED,04 Apr 2013,17.0,movie,"Emma De Swaef, Marc James Roels",2012,7.1,262,26,5
The Devil in Me,"Michelle Argyris, Shantelle Canzanese, Vanessa Broze, Kevin Walker",Canada,Greg A. Sager,Horror,"English, Latin",eOne Entertainment Distribution,NOT RATED,07 Aug 2012,108.0,movie,"Geoff Hart, Greg A. Sager",2012,4.1,2117,0,0
When Day Breaks,"Mustafa Nadarevic, Predrag Ejdus, Meto Jovanovski, Zafir Hadzimanov","Serbia, France, Croatia",Goran Paskaljevic,Drama,Serbian,Unknown,NOT RATED,24 Dec 2012,95.0,movie,"Filip David, Goran Paskaljevic",2012,7.2,581,4,2
White Rabbit,"Nick Krause, Todd McLaren, Sam Trammell, Kelcy Baker",USA,Tim McCann,Drama,English,Unknown,NOT RATED,13 Feb 2015,90.0,movie,"Anthony Di Pietro, Anthony Di Pietro",2013,6.1,1048,6,0
Little Witch Academia,"Megumi Han, Fumiko Orikasa, Michiyo Murase, Yôko Hikasa",Japan,Yô Yoshinari,"Animation, Short, Comedy",Japanese,Unknown,TV-Y7,02 Mar 2013,26.0,movie,"Yô Yoshinari (creator), Masahiko Ôtsuka",2013,7.4,1328,0,1
Lootera,"Ranveer Singh, Sonakshi Sinha, Barun Chanda, Adil Hussain",India,Vikramaditya Motwane,"Drama, Romance",Hindi,Eros,NOT RATED,05 Jul 2013,136.0,movie,"O. Henry (short story ""The Last Leaf""), Bhavani Iyer (screenplay), Anurag Kashyap (dialogue), Vikramaditya Motwane (screenplay)",2013,7.3,11910,4,21
Sriracha,"Randy Clemens, Jordan Crowder, Harold Dieterle, Oz du Soleil","Thailand, USA",Griffin Hammond,"Documentary, Short, Biography",English,Janson Media,NOT RATED,11 Dec 2013,33.0,movie,Griffin Hammond,2013,7.5,387,0,0
Rabbit and Deer,"Dániel Czupi, Adrienn Mórocz",Hungary,Péter Vácz,"Animation, Short, Adventure",Unknown,Unknown,NOT RATED,07 Oct 2015,17.0,movie,Péter Vácz (story),2013,8.5,1009,21,1
Factory Girl,"Yasmin Raeis, Hani Adel, Salwa Khattab, Salwa Mohamed Ali","United Arab Emirates, Egypt",Mohamed Khan,"Drama, Romance",Arabic,Unknown,NOT RATED,19 Mar 2014,90.0,movie,Wessam Soliman,2013,7.3,757,4,1
Fish & Cat,"Abed Abest, Mona Ahmadi, Ainaz Azarhoush, Nazanin Babaei",Iran,Shahram Mokri,"Drama, Mystery, Thriller",Persian,Unknown,NOT RATED,03 Oct 2014,134.0,movie,"Nasim Ahmadpour (collaborating writer), Shahram Mokri",2013,7.6,1405,5,6
The Dinner,"Alessandro Gassman, Giovanna Mezzogiorno, Luigi Lo Cascio, Barbora Bobulova",Italy,Ivano De Matteo,Drama,Italian,Film Movement,NOT RATED,05 Sep 2014,92.0,movie,"Valentina Ferlan (screenplay), Ivano De Matteo (screenplay), Herman Koch (novel)",2014,6.5,1130,7,6
Meet the Patels,"Ravi Patel, Geeta Patel, Champa V. Patel, Vasant K. Patel",USA,"Geeta Patel, Ravi Patel","Documentary, Comedy, Romance","English, Gujarati",Alchemy Films,PG,11 Sep 2015,88.0,movie,"Matthew Hamachek, Billy McMillin, Geeta Patel, Ravi Patel",2014,7.2,2559,3,5
Don't Think I've Forgotten: Cambodia's Lost Rock & Roll,"Norodom Sirivudh, Norodom Sihanouk, Sisowath Kossamak, Samley Hong","USA, Cambodia, France",John Pirozzi,"Documentary, Music","English, French, Khmer",Argot Pictures,NOT RATED,Unknown,105.0,movie,Unknown,2014,7.6,198,0,1
Tim Maia,"Robson Nunes, Babu Santana, Alinne Moraes, Cauã Reymond",Brazil,Mauro Lima,"Biography, Drama, Music","Portuguese, English",Unknown,NOT RATED,30 Oct 2014,140.0,movie,"Mauro Lima (screenplay), Antônia Pellegrino (screenplay)",2014,7.3,1217,6,7
Från djupet av mitt hjärta,"Felice Jankell, Jessica Raita, Rasmus Luthander, Sven Boräng",Sweden,Magnus Hedberg,"Drama, Horror",Swedish,Unknown,NOT RATED,08 May 2015,95.0,movie,"Helga Bumsch (voice-over writer), Magnus Hedberg (story), Fredrik Myrtell (story), Måns F.G. Thunberg",2014,5.2,96,0,0
The Beat Beneath My Feet,"Luke Perry, Nicholas Galitzine, Lisa Dillon, Verity Pinter",UK,John Williams,"Comedy, Drama, Family",English,Level 33 Entertainment,TV-14,21 Oct 2016,91.0,movie,Michael Müller,2014,6.4,879,0,2
The Goob,"Sienna Guillory, Sean Harris, Marama Corlett, Hannah Spearritt",UK,Guy Myhill,"Drama, Romance",English,BBC Films,NOT RATED,29 May 2015,84.0,movie,Guy Myhill,2014,5.6,896,3,8
The 11th Hour,"Kim Basinger, Jordan Prentice, Sebastian Schipper, Peter Stormare","Germany, Denmark",Anders Morgenthaler,"Drama, Thriller",English,Brainstorm Media,NOT RATED,12 Jun 2015,97.0,movie,Anders Morgenthaler,2014,5.1,1198,0,2
1001 Grams,"Ane Dahl Torp, Laurent Stocker, Hildegun Riise, Stein Winge","Norway, Germany",Bent Hamer,Drama,"Norwegian, French, English",Kino Lorber,NOT RATED,26 Sep 2014,93.0,movie,Bent Hamer,2014,6.3,1134,3,8
Saihate nite,"Hiromi Nagasaku, Nozomi Sasaki, Hiyori Sakurada, Miyoko Asada",Japan,Hsiu-Chiung Chiang,Drama,Japanese,Unknown,NOT RATED,01 Feb 2015,118.0,movie,Nako Kakinoki (screenplay),2014,7.0,105,2,4
Star,"Tinatin Dalakishvili, Severija Janusauskaite, Pavel Tabakov, Andrey Smolyakov",Russia,Anna Melikyan,"Comedy, Drama",Russian,Unknown,NOT RATED,04 Dec 2014,128.0,movie,"Anna Melikyan, Andrey Migachev",2014,7.1,656,6,12
The Man from Oran,"Lyès Salem, Khaled Benaïssa, Djemel Barek, Amal Kateb","Algeria, France",Lyès Salem,"Drama, History","French, Arabic",Unknown,NOT RATED,19 Nov 2014,128.0,movie,Lyès Salem (screenplay),2014,7.3,93,3,5
Bangalore Days,"Dulquer Salmaan, Nazriya Nazim, Nivin Pauly, Fahadh Faasil",India,Anjali Menon,"Comedy, Drama, Romance",Malayalam,Unknown,NOT RATED,30 May 2014,171.0,movie,"Anjali Menon (dialogue), Anjali Menon (screenplay), Anjali Menon",2014,8.3,10384,3,1
Ohm Shanthi Oshaana,"Nazriya Nazim, Nivin Pauly, Aju Varghese, Vineeth Sreenivasan",India,Jude Anthany Joseph,"Comedy, Romance",Malayalam,Unknown,NOT RATED,07 Feb 2014,136.0,movie,"Jude Anthany Joseph, Midhun Manuel Thomas",2014,7.6,2903,4,0
The Quiet Hour,"Dakota Blue Richards, Karl Davies, Brigitte Millar, Jack McMullen","UK, Ireland",Stéphanie Joalland,"Drama, Sci-Fi, Thriller",English,Unknown,NOT RATED,21 Mar 2017,85.0,movie,Stéphanie Joalland,2014,4.6,808,2,5
Teen Lust,"Jesse Carere, Daryl Sabara, Annie Clark, Jon Dore",Canada,Blaine Thurier,"Comedy, Horror, Romance",English,Entertainment One,R,14 Aug 2015,80.0,movie,"Jason Stone, Blaine Thurier",2014,4.7,1271,0,0
Lai Bhaari,"Riteish Deshmukh, Radhika Apte, Tanvi Azmi, Uday Tikekar",India,Nishikant Kamat,Action,Marathi,Unknown,G,11 Jul 2014,157.0,movie,"Sajid Nadiadwala (story), Ritesh Shah (screenplay), Sanjay Pawar (dialogue)",2014,6.4,622,0,0
Last Shift,"Juliana Harkavy, Joshua Mikel, Hank Stone, J. LaRose",USA,Anthony DiBlasi,"Horror, Mystery, Thriller",English,Unknown,R,06 Oct 2015,90.0,movie,"Anthony DiBlasi, Scott Poiley",2014,5.8,12712,2,1
Sleepless in New York,"Helen Fisher, Michael Hariton, Rosey La Rouge, Alley Scott",Switzerland,Christian Frei,"Documentary, Drama, Romance",English,Unknown,NOT RATED,25 Sep 2015,90.0,movie,Christian Frei,2014,6.6,92,0,2
Paul Taylor Creative Domain,Unknown,USA,Kate Geis,"Documentary, Biography",English,Unknown,NOT RATED,11 Sep 2015,86.0,movie,Unknown,2014,7.7,20,0,0
The 10 Year Plan,"Jack Turner, Michael Adam Hamilton, Matthew Bridges, Adam Bucci",USA,J.C. Calciano,"Comedy, Romance",English,Cinema 175,NOT RATED,02 Jun 2015,90.0,movie,J.C. Calciano,2014,6.0,2297,5,0
Catch Me Daddy,"Sameena Jabeen Ahmed, Conor McCarron, Gary Lewis, Barry Nunney",UK,Daniel Wolfe,"Drama, Thriller","English, Urdu",Oscilloscope Pictures,R,27 Feb 2015,112.0,movie,"Daniel Wolfe, Matthew Wolfe",2014,6.3,1136,2,6
French Blood,"Alban Lenoir, Samuel Jouy, Paul Hamy, Olivier Chenille",France,Diastème,Drama,French,Unknown,NOT RATED,10 Jun 2015,98.0,movie,Diastème (screenplay),2015,6.2,843,0,4
RangiTaranga,"Nirup Bhandari, Radhika Chetan, Avantika Shetty, Sai Kumar",India,Anup Bhandari,"Adventure, Music, Mystery",Kannada,Unknown,NOT RATED,13 Aug 2015,149.0,movie,Anup Bhandari,2015,8.7,10248,0,2
Cemetery of Splendor,"Jenjira Pongpas, Banlop Lomnoi, Jarinpattra Rueangram, Petcharat Chaiburi","Thailand, UK, Germany, France, Malaysia, South Korea, Mexico, USA, Norway",Apichatpong Weerasethakul,"Drama, Fantasy","Thai, English",Unknown,NOT RATED,02 Sep 2015,122.0,movie,Apichatpong Weerasethakul,2015,6.8,3154,6,15
Pay the Ghost,"Nicolas Cage, Sarah Wayne Callies, Veronica Ferres, Lyriq Bent",Canada,Uli Edel,"Drama, Horror, Mystery","English, Spanish, Chinese, Scottish Gaelic",Voltage Films,NOT RATED,25 Sep 2015,94.0,movie,"Tim Lebbon (novel), Dan Kay (screenplay)",2015,5.2,12541,1,2
Seashore,"Mateus Almada, Maurício Barcellos, Elisa Brittes, Fernando Hart",Brazil,"Filipe Matzembacher, Marcio Reolon","Drama, Romance",Portuguese,Unknown,NOT RATED,05 Nov 2015,83.0,movie,"Filipe Matzembacher, Marcio Reolon",2015,5.6,1628,3,4
Arthur & Merlin,"Kirk Barker, Stefan Butler, Nigel Cooke, Charlotte Brimble",UK,Marco van Belle,Fantasy,English,Unknown,NOT RATED,11 Apr 2015,100.0,movie,"Marco van Belle, Kat Wood",2015,4.3,1014,0,0
A Christmas Horror Story,"William Shatner, George Buza, Rob Archer, Zoé De Grand Maison",Canada,"Grant Harvey, Steven Hoban, Brett Sullivan","Fantasy, Horror, Mystery",English,Copperheart Entertainment,NOT RATED,02 Oct 2015,99.0,movie,"James Kee, Sarah Larsen, Doug Taylor, Pascal Trottier",2015,5.7,7398,5,2
The Timber,"James Ransone, Elisa Lasowski, Mark Caven, William Gaunt",USA,Anthony O'Brien,"Action, Adventure, Drama",English,Ana Media,NOT RATED,27 Feb 2015,81.0,movie,"Steve Allrich, Anthony O'Brien, Colin Ossiander",2015,5.1,1350,0,0
Essex Boys: Law of Survival,"Jesse Birdsall, Chris Bell, Ross Boatman, Megan Lockhurst",UK,Steven M. Smith,"Action, Crime, Drama",English,Unknown,NOT RATED,21 Sep 2015,88.0,movie,"Chris Bell (story), Christopher Jolley (screenplay), Steven M. Smith (story)",2015,4.9,806,0,0
The Lady in the Car with Glasses and a Gun,"Freya Mavor, Benjamin Biolay, Elio Germano, Stacy Martin","France, Belgium",Joann Sfar,"Drama, Mystery, Thriller",French,Unknown,NOT RATED,18 Dec 2015,93.0,movie,"Gilles Marchand (scenario), Patrick Godeau (scenario), Sébastien Japrisot (from the novel by)",2015,5.5,1898,1,0
Distractions,"Tommi Korpela, Elina Knihtilä, Eero Ritala, Lotta Kaihua",Finland,Aleksi Salmenperä,Comedy,Finnish,Unknown,NOT RATED,11 Sep 2015,85.0,movie,"Aleksi Salmenperä (screenplay), Samu Heikkilä (screenplay), Jani Volanen (screenplay), Jani Volanen (play), Tommi Korpela (play), Pirjo Lonka (play), Elina Knihtilä (play), Eero Ritala (play), Lotta Kaihua (play), Elena Leeve (play)",2015,6.6,353,3,6
Being Canadian,"Cobie Smulders, Nathan Fillion, Ben Stiller, Seth Rogen",Canada,Robert Cohen,"Documentary, Comedy","English, French",Candy Factory Films,NOT RATED,18 Sep 2015,90.0,movie,Robert Cohen,2015,6.2,640,0,1
Miss Hokusai,"Erica Lindbeck, Anne Watanabe, Richard Epcar, Yutaka Matsushige",Japan,"Keiichi Hara, Stephanie Sheh, Michael Sinterniklaas","Animation, Biography, Drama",Japanese,GKIDS,PG-13,09 May 2015,93.0,movie,"Hinako Sugiura (comic ""Sarusuberi""), Miho Maruo (screenplay), Stephanie Sheh (english adaptation)",2015,6.7,1759,5,7
Flying Colours,"Kasumi Arimura, Nanami Abe, Morio Agata, Atsushi Itô",Japan,Nobuhiro Doi,Drama,Japanese,Unknown,NOT RATED,01 May 2015,117.0,movie,"Hiroshi Hashimoto (screenplay), Nobutaka Tsubota (based on the novel by)",2015,7.4,1606,4,3
Suck Me Shakespeer 2,"Elyas M'Barek, Jella Haase, Karoline Herfurth, Katja Riemann",Germany,Bora Dagtekin,Comedy,"German, English, Thai",Unknown,NOT RATED,10 Sep 2015,115.0,movie,Bora Dagtekin,2015,6.1,7935,4,1
The Program,"Ben Foster, Chris O'Dowd, Guillaume Canet, Jesse Plemons","UK, France",Stephen Frears,"Biography, Drama, Sport",English,Unknown,R,18 Mar 2016,99.0,movie,"John Hodge (screenplay), David Walsh (book)",2015,6.5,12790,0,0
Everything Before Us,"Aaron Yoo, Brittany Ishibashi, Brandon Soo Hoo, Victoria Park",USA,"Wesley Chan, Philip Wang","Drama, Romance",English,Wong Fu Productions,NOT RATED,03 Jun 2015,99.0,movie,"Wesley Chan, Chris Dinh, Philip Wang",2015,7.2,848,1,1
A Horse for Summer,"Dean Cain, Christopher Atkins, Lee Meriwether, Mandalynn Carlson",USA,Nancy Criss,"Drama, Family",English,Nandar Entertainment,PG,06 Jan 2015,96.0,movie,"Kenneth Lemm (creator), Kenneth Lemm (screenplay), Kenneth Lemm (story)",2015,5.2,112,6,4
Anti-Social,"Gregg Sulkin, Meghan Markle, Josh Myers, Christian Berkel","Hungary, UK",Reg Traviss,Crime,English,Unknown,NOT RATED,01 May 2015,116.0,movie,Reg Traviss,2015,6.4,2030,0,1
Hidden,"Alexander Skarsgård, Andrea Riseborough, Emily Alyn Lind, Steven Elliot",USA,"Matt Duffer, Ross Duffer","Horror, Thriller",English,Unknown,R,15 Sep 2015,84.0,movie,"Matt Duffer, Ross Duffer",2015,6.4,15782,0,0
Hotel Transylvania 2,"Adam Sandler, Andy Samberg, Selena Gomez, Kevin James",USA,Genndy Tartakovsky,"Animation, Comedy, Family",English,Sony Pictures,PG,25 Sep 2015,89.0,movie,"Robert Smigel, Adam Sandler, Todd Durham (based on characters created by)",2015,6.7,77344,1,10
Oddball and the Penguins,"Shane Jacobson, Sarah Snook, Alan Tudyk, Coco Jack Gillies",Australia,Stuart McDonald,"Adventure, Family",English,Momentum Pictures,PG,17 Sep 2015,95.0,movie,Peter Ivan,2015,6.4,1873,6,5
Alias María,"Carlos Clavijo, Anderson Gomez, Carmenza González, Lola Lagos","Colombia, Argentina, France",José Luis Rugeles,"Drama, War",Spanish,Rhayuela Cine,NOT RATED,03 Apr 2015,91.0,movie,Diego Vivanco,2015,6.2,297,2,5
Mediterranea,"Koudous Seihon, Pio Amato, Paolo Sciarretta, Alassane Sy","Italy, France, USA, Germany, Qatar",Jonas Carpignano,Drama,"French, Italian, English, Arabic",Unknown,NOT RATED,20 Nov 2015,107.0,movie,Jonas Carpignano,2015,6.5,1029,15,12
Crumbs,"Daniel Tadesse, Quino Piñero, Selam Tesfayie, Mengistu Berhanu","Spain, Ethiopia, Finland",Miguel Llansó,"Adventure, Fantasy, Mystery","Amharic, Afrikaans",IndiePix Films,NOT RATED,01 Nov 2015,68.0,movie,"Miguel Llansó, Daniel Worku (translation)",2015,6.0,349,3,10
Much Loved,"Loubna Abidar, Asmaa Lazrak, Halima Karaouane, Sara Elhamdi Elalaoui","France, Morocco",Nabil Ayouch,Drama,"Arabic, French",Unknown,NOT RATED,16 Sep 2015,104.0,movie,Nabil Ayouch,2015,6.2,1359,2,2
Little Mountain Boy,"Jonas Hartmann, Peter Jecklin, Julia Jeker, Herbert Leiser",Switzerland,Xavier Koller,"Adventure, Drama, Family","Swiss German, Swiss German",Unknown,NOT RATED,24 Mar 2016,100.0,movie,"Stefan Jäger, Xavier Koller",2015,6.9,174,1,1
The Laundryman,"Hsiao-chuan Chang, Sonia Sui, Regina Wan, Yann Yann Yeo",Taiwan,Chung Lee,"Comedy, Fantasy, Thriller",Mandarin,Unknown,NOT RATED,16 Oct 2015,110.0,movie,"Yu-Hsun Chen (screenplay), Chung Lee (screenplay), Chung Lee (story)",2015,6.1,201,0,8
Rosenwald,"Peter Ascoli, Julian Bond, Stephanie Deutsch, Richard J. Powell",USA,Aviva Kempner,"Documentary, Biography",English,Ciesla Foundation,NOT RATED,14 Aug 2015,95.0,movie,Aviva Kempner,2015,8.2,48,0,1
Navy Seals vs. Zombies,"Ed Quinn, Michael Dudikoff, Rick Fox, Chad Lail",USA,Stanton Barrett,"Action, Horror",English,Throne Productions,NOT RATED,08 Oct 2015,97.0,movie,"A.K. Waters (story by), Matthew Carpenter (screenplay by)",2015,3.3,1497,0,0
Full Out,"Ana Golja, Jennifer Beals, Sarah Fisher, Asha Bromfield","Canada, USA",Sean Cisterna,"Biography, Drama, Family",English,Carmel Creek Productions,NOT RATED,11 Sep 2015,90.0,movie,"Beth Iley (story editor), Willem Wennekers",2015,6.5,1144,0,0
Antarctica: Ice & Sky,"Claude Lorius, Michel Papineschi, Jacques-Yves Cousteau",France,Luc Jacquet,"Documentary, Adventure, Biography","French, English",Music Box Films,NOT RATED,21 Oct 2015,89.0,movie,Luc Jacquet (scenario),2015,6.8,375,1,4
Hollywood Adventures,"Wei Zhao, Xiaoming Huang, Dawei Tong, Sarah Yan Li","USA, Hong Kong, China",Timothy Kendall,"Action, Adventure, Comedy","Mandarin, English",Beijing Enlight Pictures Co.,NOT RATED,26 Jun 2015,114.0,movie,"Brice Beckham (screenplay by), David Fickas (screenplay by), Justin Lin (screenplay by), Philip W. Chung (screenplay by), Alfredo Botello (screenplay by), Brice Beckham (story by), David Fickas (story by), Justin Lin (story by)",2015,5.3,446,0,0
Helios,"Chen Chang, Shawn Yue, Si Won Choi, Jacky Cheung","Hong Kong, China, USA","Lok Man Leung, Lok Man Leung, Kim-Ching Luk, Kim-Ching Luk","Action, Crime, Fantasy","Cantonese, Mandarin, Korean",Unknown,NOT RATED,01 May 2015,118.0,movie,"Dean Kole, Lok Man Leung (screenplay), Kim-Ching Luk (screenplay), Robert Stein",2015,5.6,749,0,2
The Classified File,"Young-nam Jang, Ho-bin Jeong, Yun-seok Kim, Young-chang Song",South Korea,Kyung-taek Kwak,"Crime, Drama",Korean,Unknown,NOT RATED,18 Jun 2015,108.0,movie,Unknown,2015,6.4,422,2,5
Alice in Earnestland,"Jung-hyun Lee, Hae-yeong Lee, Young-hwa Seo, Joon Hyuk Lee",South Korea,Gooc-jin Ahn,"Comedy, Drama, Thriller",Korean,Unknown,NOT RATED,13 Aug 2015,87.0,movie,Gooc-jin Ahn,2015,6.9,193,5,4
The Silenced,"Won-Hee Go, Ryun Jo, Bo-Bi Joo, Dong-Hyun Kim",South Korea,Hae-yeong Lee,"Horror, Mystery, Thriller","Korean, Japanese",Unknown,NOT RATED,18 Jun 2015,99.0,movie,Unknown,2015,5.8,2192,4,4
Virgin Mountain,"Gunnar Jónsson, Ilmur Kristjánsdóttir, Sigurjón Kjartansson, Margrét Helga Jóhannsdóttir","Iceland, Denmark",Dagur Kári,Drama,Icelandic,Unknown,NOT RATED,20 Mar 2015,94.0,movie,Dagur Kári (screenplay),2015,7.5,5331,9,15
Tiger House,"Kaya Scodelario, Dougray Scott, Brandon Auret, Daniel Boyd","UK, South Africa",Thomas Daley,"Action, Crime, Drama",English,Unknown,R,03 Nov 2015,80.0,movie,Simon Lewis,2015,5.2,2975,0,0
7 Chinese Brothers,"Jason Schwartzman, Olympia Dukakis, Tunde Adebimpe, Eleanore Pienta",USA,Bob Byington,Comedy,English,Screen Media Films,NOT RATED,13 Apr 2016,76.0,movie,Bob Byington,2015,5.6,1174,2,4
Life Eternal,"Josef Hader, Tobias Moretti, Nora von Waldstätten, Roland Düringer",Austria,Wolfgang Murnberger,"Comedy, Crime, Thriller","German, Romanian, Turkish",Unknown,NOT RATED,05 Mar 2015,123.0,movie,"Josef Hader (screenplay), Wolfgang Murnberger (screenplay), Wolf Haas (screenplay), Wolf Haas (novel)",2015,7.2,1729,2,6
The Thread,"Kevin Cheetham, Anthony Reed, Gavon Laessig, Jessica Testa",USA,Greg Barker,"Documentary, News",English,Unknown,NOT RATED,Unknown,61.0,movie,"Greg Barker, Alice Perman",2015,6.2,562,0,0
Ghoul,"Jennifer Armour, Dmytro Bazayev, Inna Belikova, Alina Golovlyova","Czech Republic, Ukraine",Petr Jákl,"Horror, Thriller",English,Vega Baby Releasing,NOT RATED,26 Feb 2015,86.0,movie,"Petr Bok, Petr Jákl, Petr Jákl (story by)",2015,4.5,1242,1,0
Drunk Wedding,"Nick P. Ross, J.R. Ramirez, Christian Cooke, Bethany Dwyer",USA,Nick Weiss,Comedy,English,Paramount Pictures,R,22 May 2015,81.0,movie,"Anthony Weiss, Nick Weiss",2015,4.6,593,0,0
Idealisten,"Peter Plaugborg, Søren Malling, Arly Jover, Thomas Bo Larsen","Denmark, USA",Christina Rosendahl,Thriller,"Danish, English, Spanish, Greenlandic",Unknown,NOT RATED,09 Apr 2015,114.0,movie,"Lars Kristian Andersen, Simon Pasternak, Christina Rosendahl, Birgitte Stærmose",2015,7.0,1025,4,14
Urban Family,"Maria Ylipää, Johannes Brotherus, Riku Nieminen, Anu Sinisalo",Finland,Oskari Sipola,"Comedy, Drama, Family",Finnish,Unknown,NOT RATED,07 Aug 2015,82.0,movie,Tua Harno,2015,5.2,101,0,0
